komentar,rating,label
"Perbaiki bug mcl, saat match di mulai dengan tim random tiba tiba ada peringatan jaringan buruk, dan tidak bisa di batal atau di muat ulang. Ketika reload tampilan stuck di loading screen dan muncul peringatan tidak bisa membatalkan match. Tolooooooong di perbaiki, eman tiketku",2,0
"Semua sudah bagus.. dari skinn perang 5 vs 5 dan jaringan juga stabil, namun bisakah kalian hilangkan dark sistem di game ini. Ketika saya ingin mencapai rank tertentu, sangat sulit karena mendapati tim yang kemampuannya tidak sesuai ranknya sendiri. Seperti seakan akan sistemnya memberi kode untuk berhenti bermain.. tapi jika itu yang game itu mau, yasudah",3,1
"Matchmaking ga seimbang, match ribuan di satuin sama match puluhan. Sekali duakali masih wajar. Ini bisa sampai PULUHAN kali secara berurut 5x bahkan bisa 10x lebih berakibat hancurnya winrate dan losestreak, diberi tim feeder, AFK, build ngawur (troll) di ranked bahkan classic menjadikan permainan benar-benar kacau. Jaringan tiba-tiba tidak stabil, terjadi berkali-kali seperti kena cheat. Bener-bener kecewa buang-buang waktu. Silakan diperbaiki agar pertandingan bisa seimbang.",4,1
"Min, tolong perbaiki lagi. Masa beli item ,cek gold musuh tidak bisa diklik disaat lagi bermain tolong perbaiki lg Min biar bisa kepencet. Karena sangat ngaruh dlm permainan,, ngebug nya parah gbisa beli item. Tolong perbaiki lagi Min terimakasih",1,0
"Game ini sebenarnya udah seru dan banyak hero hero yang menarik dan mengandalkan kekompakan tim, yang bikin gw sebel di ML adanya dark sistem dan jaringan signal yang yang tiba tiba ngelag. Dan pemilihan tim yang nyeleneh dan gak seimbang tolong di ubah menjadi lebih baik (Monton) !",2,0
"game bagus, grafik oke, tapi sangat disayang kan bug jaringan sangat mengganggu player harusnya bisa bermain dengan nyaman malah bikin jadi emosi, ditambah teman satu team banyak yang tidak bisa bermain (dark system)",1,0
"Gamenya bagus + grafik ok, tapi bikin emosi orang, tiap Kali main jaringan selalu jelek. Apalagi pas main ketemu tim bot atau noob, terus musuhnya jago"" semua, kan curang gak seimbang. Tolong buat developer mobile legends di update lagi buat kedepannya.ğŸ™ğŸ˜Œ itu saja dari saya trimakasih..",2,0
"Bagus grafik semuanya bagus cuma ada beberapa yang menurut saya harus diperbaiki,ini ulasan terbaru gua yaitu jaringan yg tidak stabil padahal dirumah saya itu sangat bagus saat tidak bermain Mobile legends itu bagus tapi saat main kenapa jaringan nya naik turun/tidak stabil,dan itu sering terjadi saat sedang war kalo cuma di lane sendiri paling cuma turun sampai ping kuning tapi kalau ada 3 Hero lawan langsung drop.tolong diperbaiki",2,0
Game burik sinyal nya padahal bagus buat tiktok tpi buat main ml pas waktu tanding merah mulu kaya ada yang aneh... Pas solo dapet tim boot sedangkan lawannya jago jago... Menurut gw nggak perlu update update mulu sedangkan dalamnya masih dicuekin seperti masalah pertandingan yang nggk imbang dan sinyal tiba tiba hilang atau merah.... Game sangat mengecewakan..,1,0
"Hampir seluruh sistem UI dan hal yang ada di game ini, sudah cukup lumayan bagus. Tapi, ada yang disayangkan sekali, yaitu penyeimbangan matchmaking yang sangat buruk. Padahal saya sudah mencoba mengajukan. Setiap bermain mode Ranked, Tim kami selalu mendapat Player yang kurang hebat, sedangkan tim lawan selalu lebih unggul dari kami & terus terjadi berulang-ulang. Hal ini lah yang membuat kami selalu sulit menuju tingkatan rank diatasnya. Mohon tolong lebih di perbaiki lagi... Terima kasihğŸ™",1,0
"Gamenya sudah bagus, hanya saja dalam matchmakingnya tidak seimbang seperti tim musuh sangat mengerti main tetapi tim yang saya dapatkan malah sama sekali tidak mengerti ataupun bisa bermain (bahkan lebih bagus bot yang bermain) tolong lah moonton perbaiki sistem matchmakingnya. Saya berhenti main game ini karena selalu mendapatkan tim yang tidak pantas untuk bermain bahkan lebih buruk daripada bot, terutama pada lane gold lane.",2,0
"Sinyal bagus tapi kontrol error, ambil item stuck lama udah di pencet2 terus tapi gak bisa, gw maju ke depan malah diem aja udah beberapa detik baru maju ke kepan terus kedepan karna gw geser analog kiri ny kedepan, kalo udah ke depan ya udah ke kiri kanan gak bisa, sudah beberapa detik baru ke kiri kanan.",1,0
"Untuk Gameplay nya sudah cukup bagus,eventÂ² sudah di perbanyak,hp ram 2 GB sekarang juga bisa main, soalnya penyimpanan/file di dalam game nya sekarang bisa di pause, sekiranya ada yang penting filenya bisa di download dan yang tidak penting bisa di hapus/di pause, kekurangan nya terletak di macthmaking, soalnya pas sudah memakai wifi/data yang lancar pasti tiba-tiba saat bermain gamenya berhenti/crash sendiri,tolong untuk developer diperbaiki.sekarang saya kasih bintang 4 dulu. Terimakasih",4,1
"Tolong admin perbaiki sistemnya. Terutama saat pencaian tim yang ""darksistem"" tolong berikan tim yang seimbang dengan musuhnya, kalau bisa bedakan setiap player ke kategori masing masing sesuai keahlian mereka agar bisa dapat tim yang lebih baik",2,0
"Entah kenapa tiap main ketemu tim yang tidak adil entah musuhnya yang lebih jago atau tim saya yang lebih noob,belum lagi masalah jaringan,jaringan warna hijau di matchmaking dan juga didalam permainan tetapi pas dipertandingan lag yang dialami sangat parah hingga keluar notifikasi ""sedang menghubungkan jaringan kembali"" dan juga ""koneksi jaringan gagal silahkan coba lagi"" itulah kendala yang saya alami,dan saya sangat kesal dengan kedua hal itu jadi tolong diperbaiki. Terimakasih.",1,0
"Sebenarnya game ini itu asik dan bagus ,cuma masalah matchmakingnya ga seimbang .Kadang kadang musuhnya yang jago, kadang kadang timnya yang AMPAS dan ini yang membuat kalah terus atau LOSE TREAK. Belum lagi jaringannya.Jadi mohon kepada developer yang ADIL LAH !!!",1,0
"Dari segi game udh bagus, Cuma masalah di jaringan, Padahal wifi lancar semua lancar tapi ga bisa buat main, selalu 60-240ms,, Terlalu banyak player troll dan tidak serius dalam bermain itu sangat merugikan,, dan adanya sistem yang buat kita kalah berkali""tanpa henti,, Saya 8kali bermain 7 MVP dan kalah semua bagaimana bisa moonton memberi algoritma sistem match seperti itu?",2,0
"Match making tidak seimbang (tim musuh trio + duo, sedangkan tim sendiri duo + duo + solo) Sering dipertemukan dengan tim yang tidak masuk akal (cuman bisa 1 role, cuman bisa 1 hero, egois tidak mau ngalah, pemula yang masih belajar, bahkan bot) Tolong moonton untuk sistem match makingnya diperbaiki, sudah banyak player yang menderita karena hal tersebut. Kalo bisa sistem report yang ada didalam game untuk pelanggaran performa game tidak baik itu hukumannya diperberat Sekian dari saya trimakasih",1,0
"Permainan nya sangat bagus saya sangat menyukainya apa lagi dibagian beberapa skin dari hero2 tetapi kenapa saat sinyal terpantau bagus seperti 6ms-65ms terjadi kejadian lag , frame dan tidak bisa digerakan/patah2 dan itu membuat pemain ( saya ) sangat tidak nyaman saat bermain. Game aneh saat pemain ( saya ) winstreak jaringan terpantau bagus tetapi kenapa setelah itu jaringan tiba2 buruk. Tolong game diperhatikan masa game sebesar/seterkenal ini masih tidak bisa memperbaiki masalah sepele",2,0
"Sistemnya tolong diperbaiki saat matchmaking,saat matchmaking selalu tidak seimbang tim musuh selalu lebih bagus saat draf pick,terkadang sistem selalu menambahkan bot/computer di tim,jadi tolong diperbaiki sistemnya ,matchmakingnya lama mungkin sedang mencari tim yang buruk dan tim musuh player yang pro mungkin ,tidak bisa naik rank,game jadul,game buruk,serasa ingin di uninstall game seperti ini, aneh montrool , saya akan uninstall game ini sekarang,game yang membuat saya sakit hati.",1,0
"Saya suka gamenya,sungguh. Namun dalam proses melaporkan, terkesan aneh. Saya sudah memberikan aju banding terhadap laporan dari sistem secara jujur,namun tetap saja tak di terima.Bohongpun juga tak diterima. Malah yang lebih tak masuk akal, bagaimana mungkin AFK di match V.S AI bisa terkena pelanggaran dan kurang kredit skor. Kan gak masuk akal, tak ada yang rugi saat melawan A.I di game, malah seharusnya tak perlu ada fitur Lapor di mode V.S AI,karena mau AFK semua tmn dlm timpun masih bs mng",1,0
"System penyesuaian dengan tim sangat tidak seimbang, kendala server yang tidak friendly untuk player dengan ISP jaringan terbatas, perlu perbaikan dan kenyamanan bermain jadi tidak menyenangkan saat gameplay sering delay latency. Terima kasih",1,0
"Kalah terus, kenapa tim nya beban beban sedangkan musuh nya pada pro, terus juga nge lag padahal jaringan bagus ping 5, pas kita mau naik padti kalah, mau itu solo, duo trio sama party. Bukan nya cari hiburan malah nyari masalah, setiap main pasti kalah, pokok nya ini saya rating segini dlu lah.",1,0
"dear moonton , aku udah lama main game ini masih gak ada perubahan soal pemberian team yang gak seimbang dengan musuh. tolong lah , aku udah 17 lose dalam histori macth ku . dan juga jaringan pas bertemu musuh tiba tiba jelek padahal pas buka apk lain sinyal bagus. sekali lagi ilangin dark sistem . karna game ini bisa saja di hilangkan karena stresss yang berlebihan.",1,0
"Percuma event menarik kalo sistem matchmakingnya aja ga bener,ga seimbang. Apaan tiap main pasti 8/10 dapet tim yang poke,sedangkan dapet lawan pasti yang jago,kompak,niat main. Tolong lah MONTOON benerin lagi sistemnya sebelum banyak player pindah game sebelah yang lebih menarik!!!!!",1,0
"Eh moonton! Perbaiki noh jaringan selalu merah pas main apalagi war, ngotak dikit kalo gini terus player jadi emosi dan gak lama berhenti main karena masalah itu, dark System, jaringan merah dan tim gak sesuai skill pemain.. misal tim 1 dikasih player dengan skill, A, b,c, c dan d dan tim musuh A semua...pliss lah pikiran hal itu bagaimana cara membuat pemain nyaman dengan game nya",1,0
"Game nya si bagus, tapi sayang banyak gak enak nya. Contohnya waktu saya main ngelag Mulu padahal jaringan saya bagus kartu masih baru, main magic chest Hero nya nihil, main rank tim nya tolol, main classic musuh nya glory, gimana mau naik pangkat kalo gini, dan juga masih banyak bug dan cheater yang berkeliaran, jadi mohon diperbaiki lagi dan diperketat lagi",1,0
"Game moba sangat tidak memuaskan...., karena kebanyakan nge bug, darky system, jaringan yg tidak stabil, serta mendapatkan tim yg tidak seimbang, dan 1/match setara 20 menit sangat tidakkkk memuaskann, tolong di perhatikan!!",1,0
"Kumohon moonton tolong dong dark sistem nya dikurangi lagi masa kalo mau dapet tim bagus harus top up banyak dulu, dan kami tidak perlu dapet musuh bot yang kami perlukan adalah mendapatkan tim yang jago jangan yang tolol mainnya kek saber roam contoh nya. Sekian ya moontonnnnnnnnnn!!!!!!!!!!",1,0
"Tolong untuk pihak pencipta game ini Agar secepatny dan segera memperbaiki jaringan didalam game ini yang kualitas jaringannya buruk.karena ping tinggi yang terlalu berlebihan Terutama saat menggunakan jaringan data seluler dari ponsel,ping tinggi bisa mencapai 225ms. Saat team fight pun ping dan lag sangat tinggi,tapi ketika player tersebut terkill lawan Jaringan kembali normal,itu selalu terjadi dalam satu pertandingan ketika menggunakan data seluler PERBAIKI SESEGERA MUNGKIN !!!",1,0
"Saya kasih bintang 3 dulu soal nya akhir akhir ini sering leg padahal pake wifi atau data tapi kalo buka yang lain lancar,trus kalo main 1 vs 1 juga lancar tapi kalo main clasik rank brawel leg parah gak jelas+magic ches,pengen mlbb yang dulu,tolong moonton bug nya di perbaiki,gatau bug atau jaringan,bingung.",3,1
"Secara keseluruhan sii, ok lah. Tapi yg gak ngotak tuh musuh nya + tim nya. Minimal kasih tim yg supportif dan musuh yg setara juga. Jangan di kasih tim yg jelek, musuh nya malah lebih kuat. Itu namanya gak adil. Tolong, di kasih server yg lebih setara dengan tingkat nya. Gak lucu kalo kita main nya kalah mulu. Tolong di perbaiki. Terimakasih.",1,0
"Berat gamenya udah turun karena downloatannya udah bisa di pisah, tapi sayang entah kenapa, jaringan gue ng bagus buat ini game, ngelag melulu walau sudah jaringan 4G, konten udah bagus, tapi kalau pengalaman gameplaynya masih nyampah, bikin pusing kepala saja. Emang bisa di perbaiki kalau pakai WiFi+data sendiri, tapi bikin pengeluaran 2kali lipat and ribet",2,0
"Bagus sih bagus,,,,tapi sering ada bug di game nya pas lg main,,contohnya lg main rank tiba2 lag padahal jaringan nya bagus.trs keamanan buat player yg menggunakan cheat itu kurang bngt.kadang ada player yg make cheat yg membuat permainan menjadi tdk seru. Mohon untk di perbaiki lg bug nya.",3,1
"Game broken dah gak ketolong, sinyal sering patah"" padahal pas di cek sinyal gw sangat kuat/Full dan sering crash/ keluar sendiri dan crash nya itu terjadi saat gw main rank!! Jadi pas gw udah reconnect pertandingannya udah selesai/ Invalid Montoon Montoon, dan sekerang game nya gak bisa gw buka. GAME BROKEN!!",1,0
"saya merasa semakin lama game ini semakin buruk. dilihat dari matchmaking serta gamplay tim yang buruk sekali. sedangkan tim musuh sangat kuat, kami menyebutnya darksistem, mengapa mythic penempatan harus kalah 10 padahal terdapat tambahan bintang. pemain yang menjadi tim cenderung bermain seberti bot sedangkan musuh sangat pro. tidak terjadinya keseimbangam dalam game membuat player sering mengeluh. TOLONG ATUR DAN REVAMP TIM BERDASARKAN LEVEL AKUN, EMBLEM, SERTA JUMLAH MATCHMAKING YANG SESUAI.",1,0
"habis update malah nge bug,main magic chess pas menang malah error, tulisannya ""error tidak diketahui"". Udah ngehubungin customer service balesnya lama, disuruh download resource tapi masih sama saja. Saya sudah menghapus data lalu download ulang resource, malah sampe skin, hero, dll saya download ulang. Masalahnya error nya gak cuma sekali, tapi 4 atau 5 kali, errornya juga cuma pas menang doang. Ngasih solusi tapi ga nyelesain masalah. Tolong dibenerin dan balikin point menang saya.",5,1
Dalam permainan saat mati jaringan bagus. Sedangkan saat hidup dan bermain kembali jaringan malah ngelag. Walaupun make wifi tetap begitu. Sangat susah ngepush ranked karena terlalu banyak dark sistem. Server moonton perlu membenahi ini,1,0
"Matchmaking kocak, match ribuan di satuin sama match puluhan. Sekali duakali masih wajar. Ini bisa sampai PULUHAN kali secara berurut 5x bahkan bisa 10x lebih berakibat hancurnya winrate dan losestreak, diberi tim feeder, AFK, build ngawur (troll) di ranked bahkan classic menjadikan permainan benar-benar kacau. Jaringan tiba-tiba tidak stabil, terjadi berkali-kali seperti kena cheat. Bener-bener kecewa buang-buang waktu. Silakan diperbaiki agar pertandingan bisa seimbang.",1,0
"Gameplay yang tidak seimbang, terkadang ketika bermain solo rank selalu saja Salah satu dari anggota tim bermain tidak kompeten atau bermain asal asalan termasuk menggunakan hero tidak pada lane nya, dan juga masalah sinyal, saya selalu mengalami masalah jaringan tetapi terkadang tidak dijadikan konpensasi apapun, dimohon untuk memperbaiki penyusunan tim yang seimbang untuk solo player, dan sebisa mungkin ketika mengalami gangguan sinyal saat pertandingan mohon untuk di berikan konpensasi",1,0
"Sebelum update terakhir masih bagus. Tapi sesudah update, sinyal lancar dan jos malah kek seperti kagak ada sinyal. Malah bergetar layar hp pas lagi main. Dari masuk sampai pilih hero, sinyal aman. Eh pas main, heronya maju mundur, biar cantik kaliğŸ™„",1,0
"Pengoptimalan sinyal sangat parah, hampir tiap 3 menitan sekali tiba"" ngefreeze dengan alasan sinyal hilang padahal indikator hijau dan sinyal aman. Tutup aja dah klo gak bisa ngefix bagian terpenting dalam game online ini",1,0
"Game nya bagus,tapi karna dark sistem membuat seluruh player jadi emosi yang membuat seluruh player itu mendapatkan tim yang kurang ok dan mendapatkan losetreak berkali,dan membuat para pemain sulit untuk naik ke rank tertinggi.jadi saya memberikan satu bintang saja semoga bermanfaat.",1,0
"Matchmaking kocak, match ribuan di satuin sama match puluhan. Sekali duakali masih wajar. Ini bisa sampai PULUHAN kali secara berurut 5x bahkan bisa 10x lebih berakibat hancurnya winrate dan losestreak, diberi tim feeder, AFK, build ngawur (troll) di ranked bahkan classic menjadikan permainan benar-benar kacau. Jaringan tiba-tiba tidak stabil, terjadi berkali-kali seperti kena cheat. Bener-bener kecewa buang-buang waktu. Silakan diperbaiki agar pertandingan bisa seimbang",1,0
"Nape dah pas koneksi hilang kok dibilang AFK,paling sebel itu pas mati koneksi lancar pas war mati.Fix dong Moonton,ada lagi musuh sudah di posisi kalah(kita udah lord,turret musuh habis)tapi musuh snawbal, kurangin dark sistemnya. Terus adilin sistemnya tolong dibenerin(udah musuh menang tapi coklat semua),juga tambahin fitur kaya di ml China, kalo kita mvp (kalah) masih dapat bintang tapi kalo kita coklat-silver (kalah) g usah!!!!",2,0
"Oy moonton......Kenapa selalu lu kasih tim cupu sedangkan musuhnya jago!!!!.....gw liat temen"" gw timnya jago dan musuhnya noob tapi kenapa gw di bedakan sendiri sih....tolong lah perbaiki sistem matchmaking nya....gini kan orang jadi males maen....maen paling Clasik atau mode arcade doang...tolong lah ya bisa di perbaikiğŸ™ğŸ™ğŸ™ğŸ™",1,0
"Harus Perbaiki jaringan, Setiap main di classic dan rank tiba tiba ping merah di awal mulai match, nge-lag ( terutama selalu merah di rank ) dan tiba tiba hero kita dipakai sama AI ( ini seperti disengaja, tiap ngerank pasti merah pingnya, nge-lag ) dan ping terus memerah sampai akhir match, hero tidak bisa dikendalikan,.alias dipakai Ai, dan juga perbaiki matchmaking sesuai skill, padahal tes jaringan saya bagus, tes koneksi bagus, tes ping bagus",1,0
"Sebenarnya game nya seru, tapi ada beberapa hal yang selalu merusak keseruan dalam game. masalah yang sering saya hadapi adalah matchmaking yang tidak adil (saya mendapat musuh yang terlalu kuat sedangkan tim saya skil bermainnya di bawah rata-rata alias mainnya tolol) Jujur saya lelah menghadapi matchmaking yang tidak adil seperti itu, semoga pihak moonton segera memperbaiki sistem yang rusak itu. (please moonton, saya cape kalah mulu gegara matchmaking rusak mu itu ğŸ™ğŸ»)",1,0
"Hero dllnya sih udah bagus, tapi semua keluhan itu sama tentang tim, Jaringan koneksi dl semuanya mengalami hal yang sama.Kalau bisa jangan terlalu sering update karna pasti banyak yang ingin memainkan mobile Legends namun kurangnya penyimpanan data Difokuskan adalah dibagian yang sering dijadikan rating yang buruk oleh orang lain lalu diperbaiki hingga lebih baik agar semuanya tidak mengalami masalah Perbaiki masalah jaringan.ini di kasih tim bego semua kalah Mulu montond punya drak sistem,",1,0
"Game udah Bagus, tapi buat kenyamanan player minus banget dari mactmaking, pembagian antara tim, Jaringan sering bermasalah,Lostreak yg marak terjadi, dan player yg sengaja ngetrol ke publik setiap update makin sering ketemu seperti keluhan tersebut. Kalau grafik udah bagus yg paling penting adalah kenyamanan player utamakan kenyamanan dari pada grafik.",1,0
"Hero baru chip ibarat menggandakan map menjadi dua. Hero ini menyebabkan bug yaitu menyebabkan ponsel sering terjadi frame drop (lebih tepatnya kalah frame), ciri-ciri nya hp tidak akan dapat disentuh atau bila bisa, pasti akan ada delay antara karakter dengan gerakan pemain seperti ketika menekan skill 1, jeda beberapa saat baru aktif. Mohon diperbaiki, karena ini mengganggu sekali untuk pemain yang memiliki tipe hp menengah ke bawah",2,0
"setelah update ada bug di bagian tim war, tidak sekali dua kali namun selalu ketika tim sedang war bug terjadi masalah itu ketika player menekan joystick dan skil hero tidak sesuai dengan apa yang player kendalikan, jadi? pihak moonton bersedia kah untuk memperbaiki bug itu? terimakasih",1,0
"Gamenya bagus banget mulai dari karakternya dan skillnya, dan grafiknya Tetapi masih ada 3 kekurangan: 1. Masalah jaringan saya pakai wifi kadang2 lemot. 2. Musuhnya kayak tidak setara soalnya musuhnya terlalu pro. 3. Masalah chat sejauh ini aku main sekitaran 2 tahun selalu ada yg chat kasar. Mohan diatasi montoon baru semangat mainnya.ğŸ™ğŸ™ğŸ™",5,1
"Untuk game bagus tapi dari sistem pencocokan, matchmaking, dan jaringan ancur bgt, banyak yg harus dilakukan biar bisa menang kayak ganti Hero dulu, ganti role, main mode lain, harus mabar lah, party lah, dan itu susah buat user solo yg main beberapa role saja, dan beberapa HeroğŸª¨ dan klo lose streak terus pasti match berikutnya dikasih boot atau menang mudah, dan setelahnya akan dikasih musuh yg kuat dan salah satu dari tim yg bermasalah",1,0
"Game ini mengalami kerusakan beberapa hari terakhir, bug di kursor skill dan pergeseran layarnya. Jika layar di geser untuk melihat musuh maka layar akan bergeser ke arah jungle dan random, dan untuk skill bila di arahkan ke musuh setelah di release maka skill akan mengarah ke arah lain dan random. tolong untuk developer segera memperbaiki permasalahan ini.",5,1
"Sebenernya udah bagus, tapi seharusnya jangan keseringan update. Karena kalo update terus, penyimpanan yang dibutuhkan juga lebih banyak, dan menurut saya, itu akan menyulitkan pengguna. Juga tim yang tidak setara. Sering sekali lose streak, dapat tim yang kurang, sedangkan musuh sangat kuat. Seharusnya, kita mendapatkan tim yang setara dengan kita, begitupula dengan musuh yang setara.",2,0
"Moontoon pilih kasih!, masa aku di kasih dark mode terus! Ngegacha selalu dapet serbuk ungu!, ngerank malah musuh di kasih menang! Gimana coba aku kasih bintang satu!, terus lag nya bukan ampun terus saat mau main ada tulisan error coba lagi padahal koneksi internet bagus! Trus pas aku masuk eh malah keluar lagi kesel coba!, tolong di perbaiki lag nya ya developer nyağŸ™ğŸ¼",1,0
"Untuk event2 sdah oke lah. Tapi tolong prioritaskan kenyamanan dalam bermain dulu, terutama masalah ""JARINGAN"". Makin aneh, ping tiba2 merah dan gk bisa gerak alias delay hampir 5 detik. Pls fix dulu masalah jaringan.",4,1
"Tolong ni untuk developernya gamenya di perbaiki dulu untuk timnya ni, kalau ngasih tu yang setara lah, masa musuhnya pada jago-jago, sedangkan tim yang di kasi gak tau main. Dan juga untuk permasalahan jaringan makin kesini ml nya malah makin rusak bukannya makin bagus malah rusak. Ni game gunanya untuk ngehibur apa ngebuat stress.",1,0
"Kecewa sama montoon, selalu aja setiap lagi war jaringan hilang, padahal jaringan bagus dan yang tadinya bisa menang jadi kalah, seakan akan udh disetting harus kalah, kalo kek gini jadi nya ngelawan sistem nya, semoga ini game bisa lebih mengedepankan kenyamanan bermain, bukan sistem sistem settingan.",1,0
"Ini game gak mengijinkan saya menang, dari tadi main, kena dark sistem terus menerus, kapan saya menang kalau begini terus, dan kapan saya naik rank saya aja masih stuck di master. Tolong untuk monoton, HILANGKAN DARK SISTEM DARI GAME INI DAN JUGA PERBAIKI GAMENYA, HAL INI MEMBUAT SAYA EMOSI, jadi monoton tolong perbaiki game dan hilangkan dark sistem di update selanjutnya!!!! Itu saja semoga di kabulkan.",1,0
"Permainannya bagus, tapi! sistemnya sampah!, setiap main kalah menangnya seperti di sengaja sama sistem, seringnya sih Setiap aku hampir atau sudah naik rank nanti aku selalu kalah menang tanpa henti di bintang yang sama seperti di sengaja. Dan itu bukan kebetulan, contohnya setiap aku menang nanti dikasih team Gak bisa main di matchmaking selanjutnya, dan kalo udah kalah di matchmaking itu nanti dikasihnya teamnya bagus dan menang, trus setelah itu di ulang lagi dan lagi",2,0
"(Edited) Terimakasih sudah diperbaiki. Masalah jaringan tidak nyaman. Sebelum-sebelumnya meski kuning tetap bisa bermain. Sekarang meski hijau, kalau mencapai ping 80 hero nge-freeze, tidak bisa digerakkan. Selanjutnya hanya bisa menonton AI yang memainkan. Menonton itu tidak menyenangkan.",5,1
"Game nya sih bagus! cuman koneksi jaringan nya suka ilang sendirinya jadi ngelagg.. padahal koneksi jaringan bagus kalo dipake buat buka YouTube lancar jaya.. tapi pas dipake main game ini kok jadi jelek, tolong dong untuk koneksi jaringan nya diperbaiki",2,0
"Saya suka game moba ini, tetapi jeleknya adalah terlalu banyak memakan ram, sulit mendapatkan sinyal yang bagus, bug, terlalu sering pembaruan, terlalu sedikit memberikan bonus pertarungan/bp.... Tingkatkan lagi ya moonton..... saya suka game ini...",1,0
"Game dari segi grafik bagus dan hero - heronya mantap. Hanya saja untuk matchmaking tolong agar tim sendiri dan tim lawan yang didapat kemampuannya seimbang terutama dalam pertandingan rank, sehingga bisa didapatkan pertandingan yang adil.",3,1
"Kenapa setiap kali saya main ada bug disitu dan developer nya pilih kasih, udah losetreak 9 kali, winsterak aja susah dapat nya. teman satu tim yang gak bisabermain. di tim musuh player hebat semua. Mohon hilangkan namanya ""dark system"".",1,0
Moonton coba bikin tim survei setiap update rasakan sendiri minus dari update anda.. masukan player tidak ada yang masuk cuma memperbanyak event top up.. tapi pengalaman pertandingan dalam game makin hancur.. SEJAK DULU masalah ping hilang ketika dalam pertandingan padahal jaringan bagus.. sekarang untuk last update makin parah ketika ping besar hero jalan sendiri.. gimana sih mikirin kantong doang jadi developer.. coba fokus untuk kenyamanan bermain jangan kebanyakan event skin gak guna..,1,0
"Saat di gameplay, tiba-tiba jaringan hilang, udah dicoba ganti sana sini jaringan tetep hilang, jadinya gua afk. Mau login ulang tetep gabisa, giliran udah selesai pertandingannya malah bisa masuk. Mau main lagi gabisa lagi, waktu matchmaking jaringan tiba tiba hilang. ada masalah apa muntun sama gw?? GAJELAS!",1,0
"Gak jelas keseimbangan game tidak di perhatikan paling tidak buatlah match yang berimbang. 1 win Ranked harus di bayar dengan 20 lose Ranked gak ngotak apa, ditambah lagi jaringan yang gak stabil . Saran saya ping yg stabil di bawah 35 ms pertemukan dengan jaringan yang serupa . Begitu pula sebaliknya yg pingnya buruk beri player yang pingnya buruk, dan satu lagi pertemukan dalam setiap pertandingan yang seimbang contoh Wr 70 % pertemukan dengan player yg punya wr yang sama atau lebih.",2,0
"Developer tolong lah tingkatkan kenyamanan, ini kenapa jadi sering lag, padahal jaringan bagus, spek handphone jg mumpuni, cuma kenapa di ingame jaringan jadi down terus, kasihlah jaringan yang statis..!! Jangan ada lagi kalimat "".. network error..""",3,1
"Analog joystick nya suka eror, contoh: saat saya gerakin hero ke arah kiri, atau ke arah manapun. Hero nya malah ga mau bergerak mengikuti arah yang saya kendalikan, dia sempat terdiam seperkian detik (kisaran 2-3 detik) dan itu sangat mengganggu kenyamanan game play saya. Yang seharusnya hero nya bisa di kendalikan untuk mengejar hero lawan atau sebaliknya untuk melarikan diri dari hero lawan, tapi malah gabisa di gerakin (alhasil mati atau ga dapet kill) karna analog nya yang eror itu.",3,1
"Perbaiki masalah jaringan. Setiap masuk pertandingan ping tinggi untuk saya yg memakai data seluler, padahal lokasi saya jaringan bagus, kartu bagus dan baru, udah gonti ganti kartu tetep aja jaringan tidak stabil. Mobile legends masalah lag dan jaringan tolong di perbaiki, saya sangat kecewa dengan kendala seperti ini. Terima kasih",1,0
"AUTO UNINSTALL GAME SAMPAH...!!!banyak bug...Sudah hampir 7GB makan memori internal...Update event2 gak guna banyak bug sering freeze...!!!Yang buat banyak player feeder sekarang bukan karena mereka gk bisa main,,tapi karna grafis game ini semakin tinggi gk smooth di hp spek biasa..!!",1,0
"Sekarang semakin buruk terutama pada masalah jaringan ,kerap kali pas pertandingan mengalami lag padahal pas waktu di loby ping bagus dan stabil .. Mohon kepada pihak moonton agar memperbaiki masalah ini ,sehingga bisa mendapat ranting yang lebih bagus lagi .",2,0
"Semenjak hero baru chip saya sebagai user android mengalami banyak bug dan lag saat bermain, itu terjadi ga sekali dua kali tapi beberapa kali setiap bermain ranked maupun classic..tolong lah di perbaiki bug ini sangat menyusahkan tidak ada tindakan sigap dari pihak moonton",1,0
"Halo saya benar-benar jengkel sama jaringanya yang selalu buruk... Coba dong di stabilkan yang lebih optimal. Gara-gara jaringan saya jadi kalah saat main rank. Padahal jaringan baik-baik aja, eh pas main malah sering error sampe keluar pertandingan... Pengguna baru bukannya asik main malah sebaliknya. Optimalkan lagi!..",1,0
"Setelah update jaringan selalu kuning (main ditempat lain juga sama) dan saat dalam kondisi menang selalu tiba2 gk bisa ditekan apa2 tpi game berjalan lalu relog sendiri (belum terjadi saat keadaan kalah). Grafik makin bagus, tiap update patch meta ganti2 bagus, kalau bisa event bonus utk top up dan pembelian diadakan bersamaan mantap tuh, berantas para cheater dan masalah jaringan diperbaiki lagi masih sering lag dan tiba2 force close. Sukses selaluy",4,1
"Montoon makin kesini makin kurang ajar, system' nya bugs bukannya diperbaiki, komen2 protes bukannya ditanggapi malah dibiarin. Mulai dari dark system', mulai dari sinyal yg sering tiba2 jelek pdhl wifi normal, mulai dari keyboard tiba2 ga bisa dipake (jadi disangka ngetroll), frame rate yg tinggi, dan grafik yg gak penting bikin panas HP. Saya harap moonton perhatikan bugs2 yg ada di aplikasi game nya. Kalo ngga mending, hapus (uninstall aja nih game rame2)",1,0
"Terjadi bug ketika sudah season kemarin , joystik kadang bergerak sendiri , dan skill Hero telat respon , padahal ping bagus , ram hp mempuni , tolong diperbaiki agar game bisa digunakan dengan baik dan kami para pemain bisa bermain game dengan nyaman ğŸ™",1,0
"Game nya bagus, hero"" juga banyak yg membuat game nya lebih bervariasi tapi saya kurang puas dengan sistem pemilihan tim. Saya bermain diawal pick terlihat biasa saja namun ketika game telah saya menyadari bahwa. Au ah males ngetik, intinya kenapa gw dapet tim noob sedangkan musuhnya pro smua",3,1
"Gamenya parah, Setelah di-update gamenya sering ngefreeze, sering keluar sendiri kalau lagi bermain, terus sinyalnya ngeleg padahal data sama WiFi Stabil, kalau lagi main kadang suka ngefreame, kadang suka kesal sendiri, lama lama malas aku mainnya, kadang terus kalah, game ngefreeze sama ngefreame, dah lah malas aku main, emang cocok game ini dikasih rating 1.",1,0
"Game ini pas menang sering menang, pas kalah sering kalah..... Kayak Ada ketdk seimbangan... Sering dapat player yg gk imbang sama musuh, padahal satu tim udah kompak, tp damage musuh nya gk ngotak, sakit skali, pdahal level sama.. Sebaliknya, sesekali sya jg ngalamin hero tim kita lebih kuat jauh sama musuh, ngalahin musuh sangat gampang... Mungkin ini yg di namain dark system moonton yg di jelasin di cannel2 youtub. Sngat gk ver klo mnurut pribadi sya. Seolah menang kalah udah setting..",1,0
"Yang bagus dari game ini: -Grafik -Grafik -Grafik Yang jelek: - Sistem macthmaking - Sistem machmaking - Sistem macthmaking - Sistem machmaking Trus masa temen yang gak bisa main menang mulu , kita yang jago tim nya plonga plongo .Masa udah legeend, masih ada yang pake 2 mm, seperti pemikiran EPIK GLORY, dan GM . Diperbaiki lagi sistem macthmaking nya. Lagi pula apa gunanya gua ngomong , kayak moontoon mau memperbaiki aja.",1,0
"Tolong Sistem match making dan pemilihan tim dan musuhnya diperbaiki, beberapa kali saya mendapatkan musuh yang tidak seimbang dan teman tim yang melakukan feed dan troll sehingga membuat pengalaman permainan yang sangat buruk, saya pernah mendapatkan 13 kalah dan 5 menang dalam dalam satu waktu yang berurutan padahal saya bermain dengan baik dan serius dalam Mode Rank/Ranked Tolong ini sistem match makingnya diperbaiki ya!",1,0
"Ini game makin lama makin berat aja, pengalaman main sejak 2018, makin kesini matchmaking makin gajelas, sering darksystem. Padahal dulu engga separah ini, niatnya mungkin darksystem biar player lanjut main karena penasaran atau biar ketagihan, nyatanya setiap player itu gak bisa disamakan, ada yang sesuai ekspektasi kalian dan ada juga yang malah badmood bahkan sampai stress. Awalnya saya menyayangkan teman saya yang uninstall namun pada akhirnya saya menjadi salah satunya. Sekian.",1,0
"Setelah update kendalanya ada di sinyal, walaupun sinyal sudah bagus + wifi tapi pas terjadi tim fight, joystick sama skil tidak bisa sinkron dikendalikan, skil sama joystick baru konek beberapa saat setelah player menekannya, tolong moonton perbaiki lagi masalah sinyal sama jangan sering update.",1,0
"Hallo moonton!! Sedikit kritik dan saran dr saya! Bahwa, Setelah update kenapa sering terjadi bug,bahkan selama saya bermain bug selalu terjadi saat permainan di mulai dan sampai akhir begitu, Tolong moonton perbaiki agar kami bisa bermain dengan nyaman, Terimakasih, bug ny parah,lag ny parah.",1,0
"Sistem permainan kayak sampah, sering terkena dark sistem, banyak pemain yang pake cheat, sistem yang seperti sengaja membuat kalah menang ,terlalu sering terjadi ngelag padahal jaringan baik2 saja, mungkin memang game nya yang burik.",1,0
"Tolong diperbaiki sinyal dan kapasitas penyimpanan disetiap hp android tertentu dan matchmaking yg lebih seimbang. Untuk teks terkadang masih suka bug untuk menyampaikan pesan ke teman selalu diberi peringatan oleh pihak moonton,mohon dikoreksi lagi jika mengandung kata2 kurang sopan / sara gpp di ban untuk sementara.matchmaking kurang adil kadang2",5,1
"ampas game personal, ping gue padahal hijau tapi gamenya delay banget, mencet skill baru keluarnya 7 detik sehabis dipencet, dikasih tim 20 match lebih ga ada yang bener, lagi main pas posisi kalah jaringan lancar, giliran posisinya lagi menang malah dibikin ngelag maunya apasih? personal bngt ni game ampas.",1,0
"Game sampah!!! Tim dengan lawan tidak sesuai. Baru menang sekali langsung di berikan tim dengan lawan yang tidak sesuai (seperti nya telah disengaja oleh sistem), dan begitupun seterusnya hingga mendapatkan lose streak lebih dari 10 kali. Tolong diperbaiki agar perfoma bermain semua orang menjadi lebih baik.",1,0
"Moonton masih buruk dalam sistem Sistem kalian (moonton) masih belum bisa mensortir pembagian para pemain, antara 1 tim dengan tim lawan, beberapa kali pertandingan, tim lawan bermain dengan bagus, sementara tim kawan bermain sangat buruk. Tolong di perbaiki sistem kalian (moonton) yang buruk ini.",1,0
"Game ini lama makin lama makin gak jelas, jaringan lah, tim matching gak jelas, suka dark sistem, sebenarnya game ini maunya apa, kok makin kesini makin kayak gak jelas gini, makin gak enak buat main, masak iya player suruh main klasik terus , tolong dari pihak monton di perbaiki dari segi jaringan, dark sistemnya yang monton sering kasih ke player, menang 1 x, kalah 5 , ya sama aja, terima kasih,ğŸ™",1,0
"Makin lama bukannya balance buat Tim Match malah makin aneh kesini. Penyesuaian tim Random (Dark sistem) makin banyak. Sedangkan musuh selalu Kompak chemistry nya mirip Tingkat Bot AI sulit. Masih mending main dengan Bot AI dari pada dengan player random dark sistem. Tidak sesuai Tier dari segi gameplay, jadi makin males main ini game.",1,0
"Match making yang sangat diluar nalar, tim yg sangat aneh, ntah memakai 2 role yang sama, atau skill yang sangat kurang hingga menyebabkan lose streak berkepanjangan, awalnya saya kira karena saya bermain solo, ternyata ketika bermain dengan teman sama saja, selalu mendapatkan tim yang aneh Tambahan, setelah adanya patch baru ini malah muncul masalah baru pada gameplay saya, yaitu lag yang merugikan padahal sebelumnya sangat minim terjadi lag",1,0
"Sebenernya Game Nya biasa aja Cuman ya cuman, mines nya itu ada di bagian ingame yaitu ping sinyal yang kadang berganti ke 999ms padahal sinyal saya masih bagus. Ya sisa nya juga masih sering terjadi bug disetiap game yang saya mainkan. Seperti Minion Kadang Jalan kemana saja(keluar dari lane minion) dan Hero hero yg terkadang Nge freeze ditempat ketika Terjadi lag sinyal. Ya bisa dibilang ini harus diperbaiki agar Para pengguna Merasa nyaman ketika Memainkan game ini.",2,0
Selalu dapat team yg tidak seimbang.. Kadang musuh terlalu kuat.. Kadang team musuh kayak gak bisa main. Sudah terlalu banyak keluhan seprti ini tapi tidak ada perbaikan system.. Bosen main nya,1,0
"Tolong klo ada orang beri saran tuh baca masa iyaa se tim isinya player yg ga bisa main, sedangkan musuh reti cara main, kompak. Game moba tpi sistem ga di benerin. sesungguhnya orang yg mempersulit jalannya orang lain untuk mendapatkan sesuatu yg di inginkan walaupun hanya kemenangan , maka meraka adalah golongan setan.",1,0
Perbaiki masalah sinyal yang tiba-tiba berubah menjadi H.. Padahal kuota masih banyak n sinyal bagus.. Dibuktikan dengan membuka aplikasi lain lancar.. Ke dua.. Machtking bertemu dengan duo atau trio team padahal solo player dan mereka biasanya tear rendah misalnya legend v di mitik itu menjadi beban.,2,0
"Game yg sangat jelek dalam Macht making dan juga pengalaman yg buruk dalam permainan battle, banyak sekali para player yg troll di game ini membuat gamplay orang lain rusak. Hal ini mengganggu sekali di berbagai pertandingan. Grafik sudah bagus namun pengalaman bermain masih kurang. Seharusnya peningkatan antara grafik dan pengalaman bermain harus seimbang dan harus sama sama ditingkatkan.",1,0
"Ulasan saya masih sama seperti tahun lalu. Jaringannya yang suka tiba-tiba lag, padahal jelas-jelas warnanya hijau, tetapi ketika ingin war mendadak lag. Padahal ketika membuka apk lain lancar-lancar saja. Tolonglah segera di perbaiki, sudah berkali-kali saya memberi kritik yang sama, tapi masih saja tidak di dengar dan di perbaiki! TOLONG SEGERA DI PERBAIKI SINYALNYA!!!!",1,0
Game ini sudah tidak puas dikarenakan di saat melakukan tim fight malah jaringan lag dan tidak stabil . Tpi di saat mati malah lancar . Knapa mobil legenda skarang sperti ini . Akibat nya pun jdi lost streak tros dan rank pun turun . Game Rusak udh ini,1,0
"Makin update makin aneh!! Di draft pick gak kenapa-napa pas di match, ada aja masalah seperti jaringan dan selalu dapat ping kurang bagus alias merah padahal jaringan saya di ping nya gak buruk!! Kalo di jaringan ini ada bag tolong di fix!! This is so weird game",1,0
"Ini yang kesekian kalinya saya lose streak yang diakibatkan oleh tim yang tidak seimbang, saya sering bermain sendirian menghadapi 5 musuh karena tim saya sangat buruk dan ini sering terjadi, jika ingin meningkatkan skill dan pengalaman player lebih baik kalau sistem matchmakingnya diubah menjadi lebih baik",1,0
"Sepertinya moontoon lebih memperhatikan skin daripada kenyamanan gameplay player masih banyak bug terutama di jaringan yang sering tiba-tiba dapat ping tinggi padahal jaringan bagus saya sering mengalaminya saat team fight dan di fase late game.nb: bug benedetta mohon untuk segera di fix ğŸ¥° (sering skill 1 sendiri,pasif tidak mau charge atau keluar,stuck charge,dll)",2,0
"Makin hari makin aneh aja nih game...jaringan sering jump tidak stabil,yang lebih aneh nya lagi padahal posisi kita sedang menang menjelng detik2 akhir permainan jaringan mendadak ngelag alhasil terkena comeback yang sangat tidak masuk akal.dan bukan hanya sekali dua kali terjadi,hampir sering mengalaminya..kocak",1,0
"Gamenya sudah bagus dari grafik, hero, skill hero, tetapi masih banyak masalah contohnya 1. Matchmaking tidak simbang, rank mythic rasa epic,musuh dan tim tidak seimbang 2.masalah sinyal, padahal jaringan bagus tapi ngelegÂ², Mohon untuk di perbaiki",1,0
"Sejauh ini apk ny tdk ada mslh, tapi saat rank saya sudah epic, perbedaan tim dan musuh sangat jauh. Saat saya bermain, di tim saya sering sekali yang ngetroll ataupun afk. Sering kali juga tim musuh lebih imbang dibandingkan tim saya. Saya ckp kesal, terbilang tidak adil, saya juga sering sekali lose strake. Yang saya tdk sukai dari ml ya begitu, banyak ketidak seimbangan dalam pembagian tim. Terimakasih.",1,0
"teruntuk developer kenapa ini nggak bisa login di advance server? udah login beberapa kali bahkan sampai uninstall tetep stuck di 1% , padahal jaringan bagus terus udah beberapakali ganti jaringan juga tetep nggak bisa, customer service juga nggak bisa dihubungi kek mana ini ah, pas nyoba login ulang malah ada peringatan kek gini ""Failed to update resource package. It might be caused by unstable network. Please check your network and restart the game"" kesel banget jadi rate bintang 1 ğŸ˜¢",1,0
"Uninstall game ini lebih baik.. Matchmaking yg ga seimbang, solo player pasti dapat tim gk bener, sedangkan musuh lebih jago, bikin emosi aja.... Perbaiki ini dulu baru saya kasih 5 bintang....!!!",1,0
Tolong balance di dalam matching nya di perbaiki soalnya ketika bermain dengan niat bersenang senang tetapi malah di berikan tim yang isinya Computer sedangkan tim musuh malah di berikan Player asli. Kami bermain dengan tujuan untuk bersenang-senang tetapi dengan sistem match yang tidak seimbang dan berkepanjangan seperti ini membuat Player stres dan tidak berniat untuk melanjutkan bermain game Saran saya untuk yg melihat ulasan ini dan juga merasa apa yg saya rasakan juga mending pindah game,1,0
Moonton kenapa mobile Legends ini berat ketikan lagi bermain. Padahal jaringan 100% bagus. Awal mulanya berat ketikan Hero udah level 5 ato lvl 10 itu langsung tiba tiba berat. Tolong moonton di perbarui ulang terimakasih,1,0
"Secara grafik dan efeknya sudah bagus, namun yang dalam sistem pembagian player setiap matchnya kurang bagus. Dimana tim musuh skillnya jago-jago, sedangkan tim sendiri skillnya maaf jelek.",2,0
"Game yang awalnya buat hiburan sekarang jadi nguras emosi karena teman satu tim pasti gk sebanding sama tim musuh skil nya ( jauh dibawah/ NOOB ), MOONTON LUCUUUU. ditambah banyak nya dark system. Dan akhir nya makin males maen ini game",1,0
"Maen solo ,posisi legend 1 bintang ful. Main dari bintang 3 , otomatis butuh 3 mtch buat mytch , tapi pas game ke 3 , tiba tiba sinyal drop gak jelas , dan. Akhir nya gw relog ,coba buat masuk ulang tapi kagak bisa ... Ampe 3 kali .. nah pas masuk game nya udah kelar , ya gue afk dong dan minus bintang nyaaa... Gini amat sistem nyaa , kecewa banget . KATANYA GAME YANG ADIL tapi Kayak taik ....",1,0
"Game nya bagus, grafik nya apalagiiii ğŸ¤©ğŸ¤©. Cuman sayang nya pas ranked dapet tim yang kurang bisa di ajak kerja sama tapi untuk selebihnya bagus bangetttt!!!! Suka bangettt, makasi papi moonton ğŸ¥°ğŸ¥°. Sekarang makin di update makin susah musuh nya ğŸ™ƒ",2,0
"Perangkat saya kentang, cuma bisa game berat lain. Jaringan saya jelek sehingga hp kentang yg tetering ke saya lbh lancar dan stabil pingnya. Bahkan saya tb2 putus. Selalu lag saat permainan bagus dll. Edit: lg2 DC pas lg bagus"" nya. Makasih muntun ğŸ˜‚. Nah sekarang nda bisa masuk pertandingan, akhirnya kredit skor berkurang. Padahal sinyal kuat kencang. Aku pencet"" tdk terjadi apa"". Habis update mau masuk, ""not enough space"" 100gb kosong masih kurang? ğŸ«£",1,0
"Bermain Random Sering dapat tim AFK, jaringan Tolong untuk di evaluasi.. sering terjadi lag ping tinggi pada saat di dalam pertandingan. Terimakasih.",2,0
"tolong perbaiki masalah Skil 2 FANNY tidak dapat berfungsi dengan benar.dan terkadang gagal di gunakan. skill 2 fanny tidak dapat terbang atau berpindah saat dekat tembok batu, padahal sudah di arahkan dengan pas tapi malah menyangkut atau menempel ketembok/batu sehingga tak dapat beralih ke musuh atau menjauhi tembok. dan ini sering sudah lumayan lama.. tolong cepat perbaiki agar kami player fanny dapat bermain dengan lebih nyaman. terimakasih",5,1
Ini knp tombol persyaratan pas masuk gak BS di klik JD gagal update terus SM gak BS masuk game lagi. Sudah di instal ulang hasilnya sama aja. Punya temen gak ada masalah. Penyerangan personal ini namanya. Game kok jadi rusak,1,0
Ini saran 1. Pas draft pick Kalau ada temen atau musuh yang tidak cepat pick hero tolong yang dipilih sesuai lane yang dipilih 2. Sistem matchmaking playernya beda role yang paling banyak dipakai 3. Dark sistem nya tolong diperbaiki,1,0
"Bang moonton, kenapa setiap saya mereport player yang dengan sengaja ngetroll tim, balesan anda adalah player tidak melakukan pelanggaran tersebut. Padahal sudah jelas ngetroll (pemilihan hero tidak sesuai, tidak berada di lane yang seharusnya, ngefeed dengan disengaja dan lain sebagainya). Tolong diperbaiki lagi masalah ini. Satu satunya hal yang di respon dengan baik hanya ketika player chat toxic. Nanti kalau sistem report sudah diperbaiki akan saya bintang 5 lagi. Terima kasih.",1,0
hallo moonton tolong kasih tim yang bagus kepada player termasuk saya dari tadi saya maen kalah gara gara player ngetrol terus kenapa kalo lagi main malah ngeleg ngelekan jaringan tiba tiba merah abis itu kenapa saya dapat tim yang gak bisa main(DARK SYSTEM) kalo kasih (DARK SYSTEM JANGAN BERLEBIHAN ITU YANG BIKIN PLAYER UINSTAL) TOLONG DI BACA MOONTON harus berusaha agar player nyaman saat bermain MOBA. saya kasih bintang 1 karena tidak bagus dan tidak sesuai.â˜†PEMBURU HEROâ˜†. cari nama saya diML,1,0
Gem nya sebenernya bagus tapi kenapa saat permainan dimulai tiba tiba lag padahal sinyal bagus ditambah pas udah mati sinyal nya malah tiba tiba bagus terus skil Hero lama keluarnya padahal udah di tap tap danmemberi tim yang tidak seimbang dan los yang ber lebihan terhadap player Apa apaan hp gw aja aman aman memori gak full sinyal bagus malah tiba tiba ngeleg pas main Hero Argus lama ngeluarin skill nya dan tim dan lawan yang tidak seimba mohon diperbaiki kalo sudah nanti saya kasih ğŸŒŸğŸŒŸğŸŒŸğŸŒŸğŸŒŸ,1,0
game nya seru menarik tapi kalo lagi main selalu dapet dark sistem padahal mainya udah bener san kalo lagi war tiba tiba koneksi terputus padahal jaringan baik kuota baru diisi sama bug nya juga masih ada mohon diperbaiki.,5,1
"Makin lama makin nge lag, dibuat masuk dary system. Tim lawan bagus, tim kita coklat semua, atau sebaliknya, luar biasa game ini, klo bisa nggak usah diperbaiki systemnya, agar ditinggal oleh semua player.",1,0
"Pengalaman sangat buruk,sistem keamanan akun player sm sekali sangat rawan dan cara pihak developer malah terkesan sangat menyulitkan akun hilang mau ajukan banding selalu di tolak.kegagalan besar pihak moonton untuk menjaga kepercayaan para player",1,0
"Jangan rilis skin mulu moonton!!! Bagusin dulu tuh ping dalam game. Masa pas di lobby koneksinya bagus tapi pas masuk macth 3 menit kemudian ngelag padahal koneksinya bagus, hpku juga bukan hp kentang!!!! Tolong di cek dulu moonton jangan bikin skin mulu ğŸ˜‘",1,0
"Asik, buat kecanduan. Tapi kadang ga ngotak . Ngasih lawan susah bgt! Sedangkan tim sendiri suka ngefeed!! Pls. Perbaiki lagi dalam pembagian match in game. Mungkin bisa di sesuaikan selain dari rank tapi pertandingan belakangan atau bagaimana gtu.",4,1
Mohon perbaikan sistem match makingnya dikarenakan sistem ini saya mendapat tim yang tidak adil dan terkadang saya bermain solo/sendiri dipertemukan tim duo hingga trio dan dikarenakan sistem ini saya juga bertemu musuh yang sangat kuat. Untuk moonton perbaikan sistem match making ini ğŸ™. Terimakasih.,1,0
"Sever perlu di perbagus kembali, kenaikan ping jaringan yang tidak masuk akal kadang suka terjadi. Padahal sinyal internet sedang dalam kondisi sangat bagus saat menggunakan aplikasi lain , tapi ketika bermain mobile legend sinyal menjadi tidak stabil, jika memang kendala nya karena server mohon segera dibenahi karena saya sebagai pengguna sangat merasa tidak nyaman saat bermain.",1,0
"Makin hari makin lama game ni makin gak jelas di kasi lose terus tiap hari gara2 dapat tim gdk yg jelas tiap hari main rank isi nya lose aja padahal kita main nya udh bener kayak di sengajain sama sistem ferforma makin lama makin ancur makin gak betah main ni game gk kayak dulu.TOLONG SISTEM DULU DI PERBAIKI BARU HERO.#giliran hero skin upgrade secepat kilat,sedangkan sistem gk di upgrade2.",1,0
"Sekarang sering ngalamin fps drop, terutama saat team fight fps nya ngedrop parah, padahal grafik sudah di setting rendah tapi masih ngedrop, sekarang gara gara masalah ini jadi kurang fun mainnya. Kalau main game MOBA lainnya aman aja fps nya, pakai grafik high masih aman juga, tolong developer tambahin fitur buat setting fps lagi seperti sebelumnya. Skin Hero Mulu yang di update, KENYAMANAN Player ga diurus. Device OPPO A7 Ram 4 GB",3,1
"Game nya si bagus tapi tolong saya baru kembali dari game ini setelah 2 bulan jangan langsung di kasih musuh nya pro mulu,dan ini aku sumpahin kalau 2 atau 3 pertandingan kalah lagi.....gua mending balek ke game FF yang bisa main solo dari pada setim sama 4 orang yang gak bisa maen,tolong lah aku udah lostreak sebanyak 5 kali",3,1
"Kurang memuaskan karena sekarang updatenya makin lama makin berat, kualitas ping yang kurang memadai (ada fitur optimalisasi jaringan sih tapi itu kayak tidak berpengaruh), pemberian tim yang tidak seimbang terkadang kita diberikan tim yang skillnya dibawah rata rata dan musuhnya skill serta makro dan mikro bagus, serta penyimpanan yang dikonsumsi begitu banyak sehingga membuat hp hp kelas rendah seperti hp yang saya gunakan kurang lancar mainnya jadi tolong diperbaiki LOVE MOONTON â­â­â­â­â­",3,1
"Setelah update jaringan error'.. saya kehilangan kredit skor dan bintang gara2 koneksi langsung hilang dan notif afk padahal jaringan saya bagus... Dan saya selalu di beri tim llemah dan lawan yg kuat,blm lagi kalau saya Mabar di beri lawan yg seperti pro player.. ada masalah apa kau dengan saya montoon... Gamenya bikin tambah stres saja... Tolong perbaiki matchmakingnya dan sistemnya jgn kasi lawan yg kuat dan tim yg lemah, nanti aku naikin bintangnya jadi 5 kalau SDH bagus... Terima kasih",1,0
"Permaslahan tidak hanya signal, namun sudah padah settingan untuk kalah beruntun agar player harus bermain lama, se olah olah lawan kita jago padahal di tim kita ada robot yg di setting bisa merugikan tim. Jika kekalahan sudah lebih dari 4 di beri musuh yang semuanya robot agar bisa menang mudah, kemudian robotnya di susup lagi tim kita, apa serunya jika semua kemenangan sudah di setting begitu juga kekalahan. Skill udah ndaka berguna",1,0
"Game yang sangat bagus dan menghibur, karakternya menarik dan skinnya memanjakan mata. Mode yang dihadirkan pun sangat inovatif dan membagikan pengalaman yang sangat baik saat bermain. Namun, sistem pencarian rekan dan lawan harus sedikit diperbaiki agar lebih mudah menemukan orang orang waras",1,0
"Pelayanan game sangat buruk, tidak pernah baik pada player yang setiap ingin naik ke fase rank selanjutnya hanya sisa 1 bintang pasti di beri lawan yang tidak sepadan dan tidak masuk akal, pasal nya saya bermain selalu diberikan kesulitan terlebih sehabis top up diamond.. tolong perbaiki matchmaking pada game yang dulu pernah populer pada masanya 2016-2022 semenjak tu ml menurun drastis penilaian rating nya dari top 1 sekarang top 6 game terlaris.. sungguh tidak berpendidikan adab pekerja moonto",1,0
"jujur makin kesini ngasih tim ga pernah benerğŸ™ğŸ»,tim sangat tidak seimbang.selalu dapat tim feed,afk,darksystem sesungguh nyaa... cape cape bgt main berasa sendiri buta map,asal asalan sesuka hati.. mohon ya di perbaiki kalo ngasih tim cape tau berjuang sendirianğŸ™ğŸ»ğŸ™ğŸ» mlbb udh bagus tapi malah sering dpt tim yang gajelas ganiat buat main apalagi masalah jaringan bug atau nge freeze plis deh ya moonton.. gw udah lama main mobile legends bang bang plis bantuan nyağŸ™ğŸ»ğŸ™ğŸ»ğŸ™ğŸ». THANKYOU!",1,0
"Untuk solo rank sangat tidak masuk akal,,pemilihan tim dan musuh sangat tidak seimbang,,makin kesini makin berat karena tidak seimbang,,kalo begini terus mending saya hapus saja game ini,,bukannya bikin senang malah yang dapat darah tinggi,,,tolong diperbaiki",1,0
"Pengalaman saya diversi cepat, sejauh ini lumayan bagus. Tapi untuk jaringan makin tidak stabil awal mulai game sudah bagus tetapi ketika war game jaringan langsung loseconnection dan stelah itu tiba ada laporan AFK meninggalkan pertandingan padahal dr awal bermain cuma terjadi loseconnection aja. Tolonglah Di Stabilkan lagi untuk semua jaringan.",2,0
"Tolong hapus bug yang ada, bagaimana bisa ketika saya masuk dalam pertandingan tiba tiba saya kembali ke menu utama? Dan terhitung sebagai AFK , jaringan saya bagus deteksi signal sangat bagus, tolong lebih di perhatikan masalah bug dalam game",3,1
"Sebenarnya game udah bagus tapii, untuk pengunduhan konten yang sekarang Tidak bagus karena mempersulit hp yg dibawah rata-rata,yang biasanya bisa di atur konsep yang mau di unduh sekarang malah dah tidak bisa,pliss monton balikan pengunduhan konten yang kayak biasa lagi.sekian dah terima kasih",5,1
"Moonton dalam bikin kalah tim udah ketauan triknya. Wifi lancar, Sinyal hp lancar, di game merah. Itu penyebab bikinn kalah. Pindah ke honnor of king aja deh kalo gini. Sistem matchmakin dua kali juga bikin kalah. Busuk nya ketauan skrng. Cuiihhh...",1,0
"Makin di update ini game makin leg parah. Sinyal saya penuh jaringan saya bagus, tpi di dalam game bisa"" nya ping merah. Gak jelas amat. Tolong kalian parah pengurus, di perbaiki masalah jaringan di dalam game, jangan cuma jual skin aja kerja kalian. Matching juga asalan. Bisa"" nya ketemu sma 4 player luar di saat bermain solo. Sering kali terjadi. Alhasil slalu kalah. Game busuk gak ada niatan perbaiki masalah jaringan di dalam in game",1,0
"Udh lumayan berkembang lah Edit: di update sekarang lag parah mulai dari sinyal dan frame versi kemarin kemarin masih aman aman aja, oh iya banyak bug Hero yang di pick itu itu terus dalam ranah(mitic).Hero makin kacau. Edit : terimakasih moonton sudah memberikan akses advance server ke saya, saya sangat menghargai hal itu karena saya adalah player lama sudah main ber tahun tahun, banyak suka maupun duka ketika bermain di game ini, salam nickname: Barz, ok sekarang match sangat amat tidak stabil",1,0
"Gak stabil gini sih selama dalam pertandingan, terlalu banyak perubahan dalam interface tidak membawa kenyamanan saat player bertanding, misal ping terlalu intens di merah,matchmaking makin ga jelas, dll. Kualitas provider area saya padahal sangat menunjang. Lebih baik pertahankan interface lama dengan aspek kepuasan konsumen/para player, sebelum upgrade alangkah baiknya lakukan pengecekan berulangÂ² min. Asli saya ikut kecewa sih, terlalu mempengaruhi rating pertandingan bukan happy malah bosen.",5,1
"Kenapa makin ke sini makin kacau ya? Pas lagi fight, kontrolnya delay 3-5 detik. Tapi pas lagi enggak fight lancar-lancar aja. Jaringan hijau dan saya memakai frame rendah. HP saya juga nggak crash/semacamnya. Jadi, menurut saya masalahnya ada di sistem. Tolong perbaikin karena sgt mengganggu. Kalau ngga, terpaksa uninstall deh :(",1,0
Lag nya parah....kadang tombol ngga respon tapi game berjalan atau lagi bertempur habis habis...eh ngga taunya semua tombol ngawur/ngaco....atau lag lagi jalan...tau tau udah jalan jauh lalu mati...padahal di system ping internet ngga ada interup....vivo ram6gb rom128gb Satu lagi.....yang punya modal pasti menangğŸ’ª....upgrade terussss....saya pengguna dari tahun 2017,1,0
Mobile legend sekarang sudah rusak tidak seru seperti dulu . Sekarang banyak bug dan banyak lagi permasalahan yg saya rasakan. jaringan bagus tetapi di dalam battle itu sangat ngelag sekali.. Klau montoon tidak memperbaikinya saya akan pindah game saja!!,2,0
Kenapa musuh nya jago ga masuk akal? Jaringan suka kadang kadang ngelag ga jelas( ping nya jadi 201) terus terusan sampe ga bisa maen padahal jaringan wifi ku bagus ga ada masalah. Akhirnya jadi afk dan kena hukuman. Tolong perbaiki.,1,0
"begini montoon kalo sudah malas dengan rasa nyaman, suka di update mulu tapi hasilnya sangat tidak memuaskan, terlalu banyak bug saat dalam pertandingan, kadang layar tibaÂ² jadi hitam, mau gak mau harus login ulang itu buangÂ² waktu banget, sampaiÂ² bisa afk karena bug tersebut, montoon makin kesini makin bodo amat sama konsumen",1,0
"Montoon ibab, bisa bikin game ga sih, hal kecil aja di biarin, tolong lah montoon perbaiki loading % ketika menghubungkan kembali ke permainan, loadingnya lama banget 1% aja setara 10 detik, belum lagi nunggu 100% itu membutuhkan lebih 1000 detik, dan kita lansung dianggap AFK padahal salah loadingnya yang lama, batas waktunya biar ga afk aja 180 detik, sedangkan loading nya sampe 1000 detik, tolong diperbaiki biar nyaman, kalo begini terus bakal banyak player yang AFK gara loading nya lama",1,0
"Banyak bug, saya player lama mobile legend: Bang Bang dan saya merasa tidak nyaman atas kesalahan/bug nya contoh nya ditengah permasalahan tiba tiba handphone saya nge freze, di saat asik bermain tiba-tiba keluar aplikasi, sinyal memburuk di situasi tertentu. Tolong dibenarkan!!!!!!!!!!!!!!!!!!!!!!!!!!!!",1,0
"Ayo beri temen atau musuh yg setara gitu,masa temen buta map+cuma bisa 1 Hero jadi tim kita,trus musuh kita jago semua,gw udah lost 21x tanpa menang sekali pun,trus juga suka ada bug sinyal, padahal sinyal bagus tapi ngeleg trus udah hampir 1 Minggu kek gitu mulu kadang juga lagi main rank/classic tibaÂ² te keluar sendiri dari game",1,0
"hati - hati, game ini sengaja mengatur permainan dengan gangguan ping bagi pengguna non - wifi sedangkan jaringan sebenarnya berjalan normal. Juga, Player akan di nerf pada mode rank baik pada pencocokan juga pada saat bermain ( jaringan ), biasanya sistem spander priority. Secara sikologi, game ini tidak dianjurkan bagi player yang memiliki emosi yang tidak stabil karena nerf pada player sering terjadi pada saat krusial dalam tensi permainan.",1,0
"Setelah update terbaru malah ada lag. Lagnya bukan macet, tapi ada delay pas main, mencet skill keluarnya 1-2 detik kemudian. Mungkin cuma beberapa device aja. Pdhal saya pake redmi note 12 ram 6. Ping juga stabil di 10-30ms",2,0
"Game loh makin lama makin ga ngotak,masa gwa losestrike sampai beberapa hari,diawal game aman2 aja,masih masuk akal,tpi kok makin lama musuhnya makin kayak setan,tiba2 bisa OP sendiri tu musuh,pdahal team kita udah ok mainya,dri musuhnya yg awalanya cacat,kok malah jdi kebalikannya kami yg cacat,serius ini game menguras emosi,udah tidur malam buat maininnya,eh malah di kasih LS berkali2,mau berkata kasar tapi ini ga akan di baca juga!!!!!!!!!!!!! Otw uninstal lah!!!!!! Capek!!!!!!!!!",1,0
"Makin lama game semakin hancur suka crash & bug ketika sedang bermain, tiba2 PING tinggi padahal jaringan bagus, tolonglah perbaiki kami sebagai pengguna jasa tidak merasa nyaman bermain kalo terus bermasalah dengan koneksi otomatis saya akan uninstall !!!",2,0
"Game nya skrg gak asik..banyak Lag nya,,hampir sepanjang pertandingan banyak Lag,masa Maju ke kanan malah jalan ke kiri..udah gitu kalo main selalu gak seimbang sama musuh,,sangat kecewa dan sangat merugikan sekali,,udah gitu tiap main lag..jd banyak afk nya Juga",2,0
"Saya sebagai konsumen game ini lumayan ngeh dengan beberapa bug pada game seperti: tiba-tiba lag padahal jaringan ok Pembagian tim yang kurang adil Keputusan menyerah tidak adil ( harus ada 4 orang yang menyerah + ketika 3 player menyerah 2 tidak, harus nya vote keputusan terbanyak yang menang.) Itu saja sebagian pendapat dari saya",2,0
"Setelah update Game jadi makin banyak kekurangan.Kebanyakan bug,sistem matchmaking gpernah imbang, sinyal sering hilang, lapor cs g dibenerin.List Bug yang ada:1.Bug basic atack(sering g kepencet). 2.Bug Double Tap.3.Bug Event(event kadang ilang) .4.Bug Quest(udh ngelakuin quest tpi g keitung).5.Bug Delay (Bbrp skill hero jadi lbh lama keluar)",1,0
Game semakin lama semakin buruk koneksinya. Dan penyesuaian tim ketika solo Player sangat tidak pantas. Tim selalu tidak seimbang. Lostrek dan hancurnya mobilitas winn rate dan title di karnakan tim yang sangat tidak sesuai.,1,0
"Dari segi grafik dan game bagus kok sudahan, cuman yang kurang adalah keseimbangan match making dan juga kesetabilan jaringan. Saya pernah tiba-tiba lag dengan teman-teman saya walaupun internet kami lancar, dan walaupun tim saya lag tapi musuh terlihat lancar dan tidak ada kendala mengenai internet. Mohon diperbaiki ketidak setabilan internet nya.",3,1
"Moonton gimana sih!!,masa abis update sering ada bug contoh: matchmacking lag , saat mau masuk dalam pertandingan 2,bug jaringan turun naik g seperti bulan kemaren 3,bug saat di pertandingan 4,bug event ga ada gambarnya 5,hp sering panas udah itu aja semoga di perbaiki lagi ğŸ™",2,0
"Maaf nih untuk develover tolong perbaiki jaringan di dalam game nya, saya kalo main di rank/clasik maupun di mode lainya saya sering kali terjadi leg padahal ram hp ku 8 gb. Dan satu lagi saya ingin punya tim yang seimbang dalam permaian cukup terima kasih untuk develover.",1,0
"Tolong moonton untuk menghapus playerÂ² dark sistem, di mytich aja masih ada aja dark sistem heran, saya sebagai player solo sangat geram dengan para player yang feeder, maen game bukanya menghilangkan stress malah nambah stresssss!! Sekali lagi tolong moonton ditindak lanjuti bagi para player yang noob/poke/darksistem membuat saya muakkkkkkkkkkkk, please moonton coba kasih tim yang seimbang sama musuh biar enak mainnya, cape bro asli, buat orang yang bego satuin nya sama tim yang bego lagi.",1,0
"Mlbb sekarang makin buruk setelah di update. Sering lag, banyak bug , matching gak pernah adil. Pas dapet tim super malah kalah!gimana nih Moontoon kok makin burunk aja, setiap season baru kasih donk Hero gratis biar makin seru!semakin update semakin berat dan semakin banyak problemnya!!",1,0
"Tolong perbaiki lagi untuk bug atau masalah sinyal, karena saat mulai match sinyal bagus tapi saat in game tiba tiba sinyal putus, padahal sudah direstart berapa kali pun tetap sama malah tidak bisa kembali ke dalam game lagi. Aju banding pun juga percuma ga bakal percaya.",5,1
"Dark sistemnya ""sangat sangat buruk sekali"" karena bot yg maen di rank hampir semuanya setingan, sangatlah mudah untuk buat musuh menang ataupun kalah, seenaknya sendiri dalam menentukan level.",1,0
"Tolong pemilihan teman ama musuh yang bener ya. Ini niat gak sih bikin game? Skin, visual, background, karakter, semua di update tapi sistem match making lu ae yg kagak. Main bertaun taun tetep sama aja yg beda cuma grafik,,latar, hero skin, dll match makingnya gak ada bedanya musuh skill dewa temen skill pemula. Minimal kalo kasih tim ama musuh itu disamain dari hasil kemenangan dan jumlah permainan, jangan orang baru main udah ampe epic-legend dilawanin ama player dewa yang dah main 5 tahun.",1,0
"Tidak bisa ku bayangkan kalau moonton tidak memperhatikan pemain solo tim dan jaringan selalu tiba tiba LAG padahal jaringan bagus, ini mungkin trik moonton supaya dalam permainan membutuhkan 30 tahun bisa naik level, moonton mungkin tidak memperhatikan detil setiap tim bermain yang di utamakan keuntungan bukan kenyamanan player dalam bertanding.",5,1
"habis diupdate bukannya tambah bagus malah tambah buruk!! di pertengahan pertandingan selalu terjadi lag padahal kondisi jaringan bagus, udah ganti pakai wifi juga tetep sama, HP RAM 8GB yakali main game kroco kek gini ngelag. buat developernya tingkatin lagi tu skillmu biar kalau update ngga nambah bug!!!",1,0
"Makin hari makin ga jelas nih game,terus di kasih tim yg gak seimbang Ama musuhnya,saya benar""kecewa, bukannya mau ngilangin stress malah tmbah stress, tolonglah buat developer nya buat match yg seimbang,ini game bukannya menghibur malah buat org emosi.",1,0
"Game favorit sih ini, heronya juga pada ganteng dan cantik, mudah di mengerti, tapi kalo mau ngasih tim tuh yang setara ama musuhnya kek, masa tiap maen tim gw selalu jaga kandang, dan sinyalnya juga sering lag, padahal WiFi aman"" aja, tolong ya, kalo ngasih tim tuh yang pro dikit, biar setara, dan kalo ada event, jan mahal"" ğŸ˜‚",5,1
"Jujur ini game tersampah yang pernah gw mainin, jaringan buruk, dapet tim selalu gak bener, sistemnya gak guna, gak pernah bener kalo soal urusan apapun, developernya cuek banget, gak pernah peduli tentang kenyamanan playernya, buat apa skin banyak banyak kalo sistem nya masih ampas, gak guna.",1,0
"Dari segi model hero, skin, animasi, efek, dan lainnya sudah bagus, hanya kurang dari segi matchmaking, dan pertandingan, seperti bertemu dengan tim yang melakukan troll, peforma bermain buruk, dan lainnya yang memicu kekalahan, tolong untuk memberikan tim yang adil supaya pertandingan lebih stabil, dan tidak ada pihak yang kecewa akibat tim yang begitu buruk",2,0
"GAME PUKIMAKKK, GAME TIDAK BERGUNA TIDAK USAH DI DOWNLOAD!!! ini ulasan menurut saya, mach yang sangat jelek moonton selalu memberi tim musuh jago dan memeberi tim kita bot, lawan tidak sepadan, sistem jelek, saat jaringan bagus tapi nanti ketika didalam game itu akan menjadi merah dan anda tidak akan bisa bermain dengan benar, banyak event yang diperbarui tapi jaringan dan masalah bug lainnya tidak diperbaiki, moonton sangat teledor, JANGAN UNDUH GAME SESAT INI, INI MEMBUAT ANDA SETRESS!!!!",1,0
Kebanyakan update dan pembaruan sesason membuat banyaknya kekurangan. Terutama tamu banyak beberapa hero yang di unggulkan dan memiliki skill yang gak masuk akal dan tim yang didapat selalu tim yang membuat beban. Sebelum update untuk naik ke ranked mudah. Sekarang sulit. dan banyak pkayer yang cheating. Dengan mati dan skill cooldown yang gak masuk akal. Jadi menurunkan minat saya terhadap game ini. Penurunan ranked season juga terlalu jauh. !!!,1,0
"Jaringan bagus di blng langsung ngeleg. Hp ku oppo reno 5f patah"" cmn lantaran game ngk jlas hp ku ram 16 gb. Tolong di perbaiki. Jaringan ku stabil di game lain di game in ngk bagus. Trus hp jadi patah"". Hampir smua hp yg kaya aku. Padahal ram tinggi"" semua",1,0
"Tolong min dalam permainan di mode rank/classic/dsb penyeimbangan matchmaking yg bener dikit dong, kalo mau make bot pas orangnya afk ato keluar dari permainan aja, dan juga kasi tim yang bener dikit jangan ngawur, udh pick hero power tapi hero satu tim g jelas, dan juga kadang sering nemu bot dalam satu tim sedangkan musuh player semua, ini penyeimbangan matchmaking cuma gimmick ato emg beneran ada,tolong di fix",1,0
"Untuk pertama kalinya selama 7 tahun, akhirnya saya ingin menyampaikan saran beserta keluhan selama bermain MLBB. Yth team MLBB tolong khususnya untuk sistem sinyal/jaringan di in game segera diperbaiki. Sebab saya bermain dengan sinyal wifi yang lumayan lancar dan bagus, tetapi saat sedang bermain PING menunjukan angka 100-200ms dan itu sangat mengganggu kenyamanan dalam bermain. Jadi tolong next update segera perbaiki bug sinyal dan jaringan karena ini sangat mengganggu kenyamanan bermain.",1,0
"Mobile Legends makin sini malah makin rusak cug.Pas lagi dalam pertandingan malah keluar dari game sendiri, ini pasti udah ada yg ngalamin kan?, saya udah hapus donload 5x tapi masih kayak gini.Jadi tolong lah Moonton perbaiki masalah yg seperti ini padahal jaringan saya udh full,dan hanya itu yg saya sampaikan.",1,0
"Bug koneksi pada pertandingan mcl,saya dan teman saya tidak bisa login,sistem matchmaking yang tidak seimbang,game nya sering lag padahal internet bagus,selalu relog padahal baru ditinggal 1 detik,banyak player troll,muntuuuuun plis kami nak menang mcl",1,0
"Gamenya bagus grafiknya juga bagus. Tapi cuma bikin emosi doang, tolong kasih tim yang bener, dark sistem semua. Naik rank aja susahnya minta ampun. Main ml biar ngga stress malah tambah stress. Main rank isinya kalah mulu, nurunin bintang doang",1,0
Semuanya bagus aku suka tapi satu yang bikin kecewa. pas lagi war sama musuh jaringan tibaÂ²menghilang dan menghubungkan ulang. Tolong di perbaiki jaringannya. Untuk sementara aku kasih 3 bintang dulu .kalo udah bagus semuanya aku tamba 2 bintang lagi. kalo bisa updatenya ya di kurangiin..biar permainannya jadi perfect tiada tanding dari permainan apapun. ğŸ‘ğŸ‘,3,1
"Makin update makin berat. Dan juga moonton lihatlah ada bug saat musuh dirumput, ulti saber nggak ada rasa, kalo pas ulti musuh nya flicker ke rumput dan nggak kelihatan tetapi tetap kena ulti saber, ultinya seoerti hilang damage, hero lain juga seperti itu, Pas musuh hilang dr map karena kerumput, damage heronya ikut hilang walaupun kena area damage. Bug ini perbaikilah",1,0
"Jaringan bagus, hp jg gaada masalah. Semenjak update season, malah ngelag tu jaringan. Mau ngecek profile jg gabisa, loading Mulu, ngeclaim event jg delay. Di in game ngelag parah, ngecek pesan gabisa, pdhl udh di-tap berkali kali.",1,0
"Game rusak. Sistem match gak adill, masa main renk dpt rekan tim gabisa main, giliran musuh pada jago jago (partyan). Kita yang udh berusaha buat menang ujung ujungnya kalah krena ad rekan tim yang gbisa main, mulai dri pick asal asalan, gak tau lane. Aku yang mau nge push mmr biar bisa masuk top Sulawesi jdi susah, bahkan kalah mulu menangnya sdikit. Gak tau lagi mau bilang apa, trus setiap main rank slalu ketemu orang luar pling banyak orng myanmar. Trus mau komunikasi gimana? Game rusak.",1,0
"Untuk gameplay saat ini oke lah grafik juga oke, skin manteb manteb meskipun mahal. Tapi gua agak heran, semakin banyak update semakin banyak bug, dan juga gua merasa season semakin bertambah semakin susah gameplay di rank nya, karena banyak player yang dinilai buruk dan performa bermain tidak bagus terutama di tim sendiri, banyak player tier atas hasil jokian. Saran dari gua untuk bug nya segera diperbaiki, dan sistem match nya jangan diperburuk karena sangat merugikan banyak player",2,0
"Kali ini update nya lebih parah ,dari matching nggak seimbang,kali ini parahnya di sinyal dapat sinyal 200-500ms padahal paketan masih banyak, waktu ganti ke wifi sama aja , giliran buka apk yg lain lancar jaya , udh gitu musuh/ tim manfaatin bug jaringan ini buat menang ,tolong diperbaiki lagi,cape gw main ini game karna jaringan sama matching",1,0
"Saya sangat puas dengan game ini, setelah update banyak event yang menguntungkan player, membuat saya merasa betah bermain, untuk developer terimakasih telah menambahkan event event menarik dan revamp Hero yang membuat Mobile Legends: Bang Bang lebih seru dari sebelumya",5,1
"Dalam permainan saat mati jaringan bagus. Sedangkan saat hidup bermain kembali jaringan malah ngeleg. Walaupun make wifi tetep aja begitu. Susah banget ngepush rank Karena terlalu banyak dark sistem. Perbaiki server baru update skin , utamakan kenyamanan player",1,0
"game sedikit buruk, karena sistem match player nya sering nyatu contoh 1 tim ada 3 user gold/exp salah 1 player ketika tidak di kasih Lane yg mereka kuasai akan berujung troll/nge feed dengan sengaja, tolong perbaiki sistem match ini karna berpengaruh besar terhadap lingkungan game yang sportif",1,0
"Ini kenapa yak, saya selalu mengalami sinyal terputus saat melakukan draft pick, di in game sinyal bagus bagus aja tapi saat melakukan draft pick sinyal selalu terputus, saya coba memakai kartu lain dan WiFi tapi tetap saja saat melakukan draft pick selalu mengalami sinyal terputus, masalah ini bukan sekali atau dua kali tapi terus menerus ini sangat menggangu pengalaman bermain saya. Mohon solusinya terimakasih",3,1
"semenjak update , bug nya ngeselin banget... Kalo lagi war tiba tiba delay ( joystick lambat respon) kalo udah kelar war langsung lancar lagi . Gitu Mulu berulang kali . Padahal jaringan lancar Cape main game ini ğŸ˜¡ . Setiap update pasti ada aja bug bug sampah . Tolong moonton segera di perbaiki",1,0
Game nya jelek sekali.. koneksi jaringan aja masih lelet.. terlalu pentingkan SKIN dari pada kenyamanan bermain.. tolong di perbaiki dulu masalah koneksinya.. jaringan ku yg 29-35ms aja ngeLag.. kondisi memory masih kosong 10gb. tapi koneksinya buat kesal.. sekali lagi di ingat kan.. Admin nya tolong perbaiki dulu masalah koneksi nya.. kalo emang ngak bisa perbaiki masalah koneksi.. mending hapus aja ini game,4,1
